timestamp,close,equity
1748736000000,104597.0,1.0
1748736060000,104548.2,1.0
1748736120000,104549.3,1.0
1748736180000,104551.2,1.0
1748736240000,104555.8,1.0
1748736300000,104540.0,1.0
1748736360000,104516.4,1.0
1748736420000,104493.5,1.0
1748736480000,104498.7,1.0
1748736540000,104627.1,1.0
1748736600000,104550.1,1.0
1748736660000,104550.0,1.0
1748736720000,104550.1,1.0
1748736780000,104579.2,1.0
1748736840000,104427.4,1.0
1748736900000,104404.1,1.0
1748736960000,104388.8,1.0
1748737020000,104388.0,1.0
1748737080000,104388.0,1.0
1748737140000,104408.6,1.0
1748737200000,104442.5,1.0
1748737260000,104445.2,1.0
1748737320000,104424.7,1.0
1748737380000,104350.0,1.0
1748737440000,104386.1,1.0
1748737500000,104380.3,1.0
1748737560000,104368.6,1.0
1748737620000,104376.9,1.0
1748737680000,104382.2,1.0
1748737740000,104383.1,1.0
1748737800000,104313.8,1.0
1748737860000,104312.8,1.0
1748737920000,104371.4,1.0
1748737980000,104312.4,1.0
1748738040000,104317.2,1.0
1748738100000,104394.8,1.0
1748738160000,104393.1,1.0
1748738220000,104408.8,1.0
1748738280000,104405.6,1.0
1748738340000,104423.8,1.0
1748738400000,104412.9,1.0
1748738460000,104412.8,1.0
1748738520000,104397.7,1.0
1748738580000,104412.9,1.0
1748738640000,104413.0,1.0
1748738700000,104430.2,1.0
1748738760000,104419.6,1.0
1748738820000,104389.9,1.0
1748738880000,104385.9,1.0
1748738940000,104395.0,1.0
1748739000000,104403.4,1.0
1748739060000,104457.6,1.0
1748739120000,104412.0,1.0
1748739180000,104395.7,1.0
1748739240000,104368.1,1.0
1748739300000,104354.1,1.0
1748739360000,104374.5,1.0
1748739420000,104376.0,1.0
1748739480000,104370.4,1.0
1748739540000,104408.7,0.9995
1748739600000,104394.6,0.999133221200647
1748739660000,104402.2,0.9992681503628615
1748739720000,104379.8,0.9991954029416084
1748739780000,104387.1,0.9994097851770966
1748739840000,104350.9,0.9993398895513932
1748739900000,104357.1,0.9996864467792669
1748739960000,104329.8,0.9996270504926029
1748740020000,104320.0,0.9998885546785035
1748740080000,104331.6,0.999982477103696
1748740140000,104319.7,0.9998712827331591
1748740200000,104312.0,0.9999853274546483
1748740260000,104312.0,1.0000591379336028
1748740320000,104360.9,1.0000591379336028
1748740380000,104382.7,0.9995903242607277
1748740440000,104426.2,0.999381519343667
1748740500000,104438.2,0.9989650413632024
1748740560000,104452.6,0.9988502466038761
1748740620000,104447.0,0.9987125245486215
1748740680000,104364.0,0.9987660683583255
1748740740000,104326.8,0.9995597492076916
1748740800000,104322.2,0.9999160370336712
1748740860000,104311.1,0.9999601255494732
1748740920000,104291.9,1.0000665224371308
1748740980000,104279.1,1.000250599464703
1748741040000,104304.6,1.0003733626675322
1748741100000,104282.2,1.0001287353093364
1748741160000,104325.5,1.0003435185851548
1748741220000,104359.4,0.9999281564777699
1748741280000,104390.3,0.9996032352983403
1748741340000,104344.7,0.9993072606188123
1748741400000,104344.6,0.999743780210041
1748741460000,104363.6,0.9997447383265338
1748741520000,104314.3,0.99956269584395
1748741580000,104286.2,1.0000348761913613
1748741640000,104266.1,1.0003042638018902
1748741700000,104221.7,1.0004970612736785
1748741760000,104250.6,1.0009231064553872
1748741820000,104192.9,1.0006455569836692
1748741880000,104174.1,1.0011993883154597
1748741940000,104143.0,1.0013800392859222
1748742000000,104152.4,1.00167898997733
1748742060000,104173.0,1.001588577923656
1748742120000,104142.0,1.0013904766345332
1748742180000,104351.9,1.001688472322242
1748742240000,104168.1,0.9996695519026184
1748742300000,104214.9,1.0014303177692645
1748742360000,104226.2,1.0009804013469472
1748742420000,104251.9,1.0008718652495636
1748742480000,104289.8,1.0006250711907099
1748742540000,104243.9,1.0002613014157884
1748742600000,104249.0,1.0007015361629543
1748742660000,104238.3,1.0006525781151987
1748742720000,104187.0,1.0007552839693157
1748742780000,104090.6,1.0012477972400389
1748742840000,104000.4,1.0021742111655183
1748742900000,104014.2,1.0030426480257837
1748742960000,104039.2,1.0029095524940093
1748743020000,104026.5,1.0026685013797159
1748743080000,104031.3,1.0027908964958596
1748743140000,104085.2,1.002744625629271
1748743200000,104074.0,1.0022250903036392
1748743260000,104059.2,1.0023329338876585
1748743320000,104045.8,1.002475472152946
1748743380000,104004.0,1.0026045637789327
1748743440000,104017.0,1.0030073563065116
1748743500000,104014.8,1.0028819852089386
1748743560000,103991.6,1.0029031965529251
1748743620000,103979.2,1.0031268892789604
1748743680000,103943.3,1.0032465025306756
1748743740000,103881.0,1.0035928847825186
1748743800000,103970.2,1.0041944034635875
1748743860000,103975.7,1.0033321270050537
1748743920000,104152.4,1.0032790509630864
1748743980000,104009.1,1.0015740428861495
1748744040000,104008.8,1.0029520770010194
1748744100000,103969.8,1.002954969878884
1748744160000,104000.0,1.0033310461707485
1748744220000,104008.6,1.0030396096421186
1748744280000,104050.0,1.0029566659820903
1748744340000,104043.0,1.0025574450910135
1748744400000,104066.4,1.0026248924924133
1748744460000,104098.3,1.0023993951260906
1748744520000,104072.0,1.0020921245689796
1748744580000,104068.5,1.0023452989520016
1748744640000,104054.1,1.002379008389183
1748744700000,104119.6,1.0025177079737915
1748744760000,104141.1,1.0018866428848396
1748744820000,104156.3,1.0016797600037872
1748744880000,104148.9,1.0015335590096357
1748744940000,104150.9,1.0016047150351155
1748745000000,104182.4,1.0015854809440203
1748745060000,104182.4,1.0012825556438094
1748745120000,104164.1,1.0012825556438094
1748745180000,104166.3,1.0014584343984578
1748745240000,104176.9,1.0014372830751546
1748745300000,104191.5,1.0013353764585178
1748745360000,104200.8,1.0009348423079345
1748745420000,104194.9,1.0004343748867806
1748745480000,104201.6,1.0005745819948184
1748745540000,104201.6,1.0006638920019932
1748745600000,104201.6,1.0006072329651834
1748745660000,104214.7,1.0006715745832555
1748745720000,104225.7,1.0006715745832555
1748745780000,104225.6,1.0006715745832555
1748745840000,104193.4,1.0007973768514262
1748745900000,104162.7,1.0009030123437834
1748745960000,104176.7,1.0009020520211256
1748746020000,104219.6,1.000592828125316
1748746080000,104243.9,1.0002980090693736
1748746140000,104252.7,1.0004324542414647
1748746200000,104250.3,1.000844432661658
1748746260000,104234.2,1.0010777910675015
1748746320000,104219.4,1.0011622994613874
1748746380000,104202.0,1.0011392517176003
1748746440000,104198.5,1.0009846397696955
1748746500000,104179.4,1.000842512016342
1748746560000,104194.6,1.000675415873886
1748746620000,104170.0,1.0006418045808632
1748746680000,104168.3,1.0004583829532245
1748746740000,104162.7,1.0006043519972092
1748746800000,104162.6,1.0003681126233919
1748746860000,104162.6,1.0003517871382095
1748746920000,104162.6,1.000298009069373
1748746980000,104162.6,1.000297048746715
1748747040000,104162.6,1.000297048746715
1748747100000,104095.0,1.000297048746715
1748747160000,104095.1,1.000297048746715
1748747220000,104084.5,1.000297048746715
1748747280000,104064.7,0.9996478706300467
1748747340000,104027.7,0.9996488309527045
1748747400000,104029.9,0.9995470367509783
1748747460000,104024.1,0.9993568928647353
1748747520000,104059.6,0.9990015734813518
1748747580000,104058.5,0.9990227005798231
1748747640000,104060.9,0.9986230914995913
1748747700000,104021.9,0.9981237799538415
1748747760000,104059.9,0.9981794285502904
1748747820000,104267.4,0.9978387827796129
1748747880000,104044.6,0.9978493307988352
1748747940000,104034.2,0.997826316452156
1748748000000,104077.4,0.9982002823350347
1748748060000,104056.9,0.9978356320957223
1748748120000,104030.0,0.995845904125007
1748748180000,103998.1,0.9979738412121409
1748748240000,103948.8,0.9980735958168838
1748748300000,103997.7,0.9976591476898325
1748748360000,103999.8,0.9978556554093531
1748748420000,104024.9,0.9981136134797022
1748748480000,104085.3,0.99841967734849
1748748540000,104099.7,0.9988929753231001
1748748600000,104133.1,0.9984230721929697
1748748660000,104152.2,0.9984029112812225
1748748720000,104161.4,0.9981619501152091
1748748780000,104171.5,0.9975823871280112
1748748840000,104171.5,0.9974443735336358
1748748900000,104156.1,0.9971243472311965
1748748960000,104166.3,0.9969414555758812
1748749020000,104180.1,0.9968533934764604
1748749080000,104215.6,0.9967567336843098
1748749140000,104190.7,0.9967567336843098
1748749200000,104215.6,0.996904087362607
1748749260000,104233.9,0.9968064606111149
1748749320000,104259.5,0.9966744032263712
1748749380000,104260.0,0.9963347803875129
1748749440000,104262.4,0.9965728324260911
1748749500000,104300.0,0.9963346666058459
1748749560000,104349.8,0.9961597127179551
1748749620000,104227.1,0.9959150544192097
1748749680000,104413.3,0.995516688397442
1748749740000,104403.8,0.9950189300532434
1748749800000,104420.9,0.9950237018914454
1748749860000,104390.4,0.9950466067148152
1748749920000,104391.2,0.9954054489476093
1748749980000,104390.0,0.9958807240325335
1748750040000,104385.2,0.9947097149377504
1748750100000,104384.3,0.9964867474841936
1748750160000,104355.1,0.9963960825583547
1748750220000,104355.0,0.9965592794248646
1748750280000,104350.0,0.9962681972945395
1748750340000,104336.4,0.9962758322356629
1748750400000,104359.0,0.996264379823978
1748750460000,104357.3,0.9962185701772382
1748750520000,104418.9,0.9962099808684746
1748750580000,104420.8,0.9959313055174749
1748750640000,104380.3,0.9959303511498344
1748750700000,104383.4,0.9958826327678139
1748750760000,104368.2,0.995752838768718
1748750820000,104345.0,0.9959685258554506
1748750880000,104346.3,0.9959523016055637
1748750940000,104330.0,0.996540192072056
1748751000000,104345.0,0.9965583250572237
1748751060000,104352.0,0.9961718061628577
1748751120000,104366.3,0.9962013915597103
1748751180000,104403.5,0.996056327678368
1748751240000,104370.4,0.995834914385793
1748751300000,104400.4,0.9958473211651183
1748751360000,104417.7,0.9956917592397315
1748751420000,104435.7,0.9958349143857931
1748751480000,104458.5,0.9959017201206218
1748751540000,104470.0,0.9960381946932005
1748751600000,104459.4,0.9963932194554329
1748751660000,104488.8,0.9960773237664572
1748751720000,104463.1,0.9963636340585802
1748751780000,104469.3,0.9965287396603713
1748751840000,104463.1,0.9967005258356451
1748751900000,104437.6,0.9969181216576586
1748751960000,104439.1,0.9970278739363057
1748752020000,104438.9,0.9969267109664222
1748752080000,104434.0,0.9972072950527028
1748752140000,104454.5,0.9969620225691175
1748752200000,104556.9,0.9970211933628228
1748752260000,104611.9,0.9969620225691174
1748752320000,104591.1,0.9967186588208128
1748752380000,104604.3,0.9967329743354189
1748752440000,104571.8,0.9967310656001379
1748752500000,104573.8,0.9966843015857578
1748752560000,104592.0,0.9968799469520419
1748752620000,104621.4,0.9978572194158216
1748752680000,104622.9,0.9983821216180471
1748752740000,104638.1,0.9981836131488419
1748752800000,104680.4,0.998309589677376
1748752860000,104662.8,0.9979994201942428
1748752920000,104668.0,0.998018507547051
1748752980000,104672.6,0.9981922024576056
1748753040000,104647.2,0.9984727865438863
1748753100000,104699.7,0.9984871020584923
1748753160000,104697.0,0.9986321659398347
1748753220000,104697.0,0.999035863451728
1748753280000,104599.4,0.9988678947470159
1748753340000,104619.6,0.9989175218643173
1748753400000,104645.4,0.9989614227757763
1748753460000,104628.8,0.998719013395112
1748753520000,104614.2,0.9992200564063273
1748753580000,104589.3,0.9991942884800362
1748753640000,104608.0,0.9991942884800362
1748753700000,104606.7,0.998262825662996
1748753760000,104605.2,0.9984556079263589
1748753820000,104600.0,0.9987018347775845
1748753880000,104599.6,0.9985434097492765
1748753940000,104587.8,0.9984040720737766
1748754000000,104547.0,0.9981664345313146
1748754060000,104587.5,0.9983449012800713
1748754120000,104595.0,0.9983324945007459
1748754180000,104645.1,0.9983181789861397
1748754240000,104638.7,0.9982685518688384
1748754300000,104650.5,0.9982647343982769
1748754360000,104623.3,0.9981521190167084
1748754420000,104632.2,0.9977627370194212
1748754480000,104749.0,0.9981492559137873
1748754540000,104625.1,0.998220833486818
1748754600000,104628.2,0.9986989716746634
1748754660000,104632.9,0.9986378921456771
1748754720000,104628.2,0.9987505075272456
1748754780000,104628.3,0.9984909195290541
1748754840000,104645.5,0.9985758582490506
1748754900000,104666.3,0.9996905596530495
1748754960000,104646.2,0.9985080981465816
1748755020000,104640.4,0.9985376835434343
1748755080000,104649.7,0.9985825388225337
1748755140000,104637.6,0.9985376835434344
1748755200000,104637.6,0.998538637911075
1748755260000,104695.3,0.9987027891452255
1748755320000,104528.7,0.9989012976144307
1748755380000,104523.3,0.9987094697187082
1748755440000,104523.7,0.9986541163955645
1748755500000,104526.3,0.9987428725861226
1748755560000,104535.7,0.998627394101633
1748755620000,104529.3,0.998627394101633
1748755680000,104535.2,0.9991780642301495
1748755740000,104524.1,0.9975880877412264
1748755800000,104528.0,0.9975365518886443
1748755860000,104528.0,0.997540369359206
1748755920000,104550.6,0.9975651829178568
1748755980000,104541.1,0.9976548934760552
1748756040000,104540.2,0.997593813947069
1748756100000,104565.6,0.9971947764214902
1748756160000,104584.0,0.9966961790332796
1748756220000,104586.6,0.9966399220081557
1748756280000,104578.0,0.9967457495488719
1748756340000,104553.0,0.9967085590021633
1748756400000,104557.9,0.9967085590021633
1748756460000,104512.6,0.9964930606339418
1748756520000,104491.1,0.9965836070686446
1748756580000,104466.3,0.9965921867109705
1748756640000,104482.0,0.9963500459694905
1748756700000,104466.0,0.9961747221455386
1748756760000,104452.8,0.9961499568441772
1748756820000,104436.7,0.9962318687681605
1748756880000,104397.7,0.9964700239893275
1748756940000,104468.0,0.9964233232431265
1748757000000,104438.0,0.9968550264099165
1748757060000,104461.1,0.9970600962586028
1748757120000,104469.8,0.9972967392874083
1748757180000,104492.5,0.9971468578538091
1748757240000,104484.7,0.9972995573592327
1748757300000,104492.0,0.9974255730404794
1748757360000,104495.8,0.9975793128322894
1748757420000,104485.6,0.9979518408152729
1748757480000,104485.6,0.9972798335353297
1748757540000,104488.3,0.9975662216638098
1748757600000,104485.7,0.9973455761160165
1748757660000,104450.6,0.9972625125975182
1748757720000,104481.1,0.9970458197443112
1748757780000,104449.9,0.9971202457308077
1748757840000,104449.9,0.9970505802410868
1748757900000,104400.8,0.9970143210805298
1748757960000,104361.0,0.9971116412223442
1748758020000,104373.7,0.9971116412223442
1748758080000,104341.7,0.997085874978658
1748758140000,104392.7,0.9971106856347308
1748758200000,104393.2,0.9974456461610591
1748758260000,104309.9,0.9971543879757744
1748758320000,104309.9,0.9974521568249236
1748758380000,104300.0,0.9974521568249236
1748758440000,104318.6,0.997921040958849
1748758500000,104296.3,0.9983014715439611
1748758560000,104283.4,0.9981799852733368
1748758620000,104264.5,0.9984860179188093
1748758680000,104259.7,0.9979979792256132
1748758740000,104245.2,0.9979931992075696
1748758800000,104186.6,0.9987895425852416
1748758860000,104216.0,0.9987895425852416
1748758920000,104186.6,0.9988843371969859
1748758980000,104210.4,0.9987062044196909
1748759040000,104217.9,0.9989196960535756
1748759100000,104288.8,0.9990432485101737
1748759160000,104283.2,0.9992243120101826
1748759220000,104294.0,0.999270313062292
1748759280000,104314.0,0.9994092873691374
1748759340000,104251.1,0.9999710915024674
1748759400000,104251.1,0.9996889136591539
1748759460000,104251.1,0.9999709322941194
1748759520000,104261.0,0.999742502647806
1748759580000,104285.4,0.9996705513956291
1748759640000,104278.2,0.9989904701227004
1748759700000,104328.7,0.9990441129552259
1748759760000,104319.1,0.9989406478101217
1748759820000,104300.8,0.998749085371667
1748759880000,104295.6,0.9993513182212352
1748759940000,104304.1,0.9993513182212352
1748760000000,104285.2,0.9993513182212352
1748760060000,104285.2,0.9992564167952513
1748760120000,104289.6,0.9990225627504042
1748760180000,104285.6,0.9990915365708222
1748760240000,104298.9,0.998607695052683
1748760300000,104299.2,0.99869958380307
1748760360000,104296.3,0.9988747789723497
1748760420000,104231.1,0.9989245786752345
1748760480000,104225.1,0.9988431671974854
1748760540000,104281.0,0.9990241585090449
1748760600000,104276.0,0.9990241585090449
1748760660000,104249.8,0.9989820076928463
1748760720000,104250.1,0.9990203233832964
1748760780000,104274.5,0.9988929139394136
1748760840000,104276.6,0.9988900407751311
1748760900000,104227.4,0.9989178145367539
1748760960000,104220.9,0.9995422800403987
1748761020000,104219.4,0.9995998180849963
1748761080000,104183.2,0.9990636935830198
1748761140000,104210.3,0.9991115960625504
1748761200000,104191.9,0.9993626291268877
1748761260000,104181.5,0.9993597532576894
1748761320000,104173.0,0.9991258505757785
1748761380000,104152.1,0.9991057290284567
1748761440000,104152.3,0.9995771291495597
1748761500000,104152.4,0.999639466417298
1748761560000,104152.2,0.9996538537350013
1748761620000,104152.2,1.0000010776636097
1748761680000,104148.1,0.9997409586693315
1748761740000,104179.4,0.9999174789714469
1748761800000,104180.1,1.0000172865551582
1748761860000,104265.3,1.0000988763473546
1748761920000,104269.1,1.0002995239865284
1748761980000,104265.5,1.0002976031428314
1748762040000,104251.2,1.0002966427246718
1748762100000,104294.7,1.0002985635573032
1748762160000,104304.2,1.0002985635573032
1748762220000,104317.2,1.0003379407774728
1748762280000,104300.0,1.0000373056478227
1748762340000,104286.4,1.0000305862185117
1748762400000,104204.8,0.99921274667002
1748762460000,104224.5,0.9991763298713598
1748762520000,104314.0,0.9992108274817502
1748762580000,104283.6,0.9993478691190415
1748762640000,104283.6,0.9989308798440338
1748762700000,104283.7,0.9988398891862292
1748762760000,104299.6,0.9987153983358185
1748762820000,104285.3,0.9988800682545986
1748762880000,104301.7,0.9990103153200662
1748762940000,104299.1,0.9997920015392675
1748763000000,104301.7,0.9996029900692553
1748763060000,104301.7,0.9987446077540493
1748763120000,104283.7,0.9990356697023565
1748763180000,104290.1,0.9990356697023565
1748763240000,104299.2,0.9990347117035248
1748763300000,104290.1,0.9986350978188434
1748763360000,104290.1,0.998135780269934
1748763420000,104290.1,0.9982879647331463
1748763480000,104360.6,0.998151094429754
1748763540000,104364.1,0.9983080645679101
1748763600000,104181.6,0.9982831790582025
1748763660000,104185.0,0.9983080645679102
1748763720000,104199.4,0.9983080645679102
1748763780000,104199.4,0.998135780269934
1748763840000,104201.5,0.9981970369092146
1748763900000,104229.7,0.9982841361931912
1748763960000,104189.3,0.9981970369092145
1748764020000,104195.0,0.9981970369092145
1748764080000,104182.7,0.9981970369092145
1748764140000,104215.3,0.9988718170762878
1748764200000,104187.3,0.9989053168008943
1748764260000,104227.7,0.9971585454464136
1748764320000,104215.4,0.9971910880360312
1748764380000,104230.1,0.997328915474412
1748764440000,104238.1,0.997328915474412
1748764500000,104256.8,0.997349015309176
1748764560000,104241.4,0.9976189273760053
1748764620000,104232.0,0.9972322448405477
1748764680000,104226.1,0.9972868015349068
1748764740000,104231.0,0.9971690739312897
1748764800000,104234.7,0.9974810999376243
1748764860000,104257.6,0.9972131021407725
1748764920000,104249.0,0.9975997846762302
1748764980000,104244.8,0.9972007447623598
1748765040000,104301.7,0.9967021443899786
1748765100000,104345.9,0.9968197660622979
1748765160000,104184.5,0.996679160637753
1748765220000,104204.2,0.9966026622626666
1748765280000,104198.8,0.9964238747580564
1748765340000,104199.3,0.9965710587083721
1748765400000,104203.6,0.996660924807176
1748765460000,104234.2,0.996717340298161
1748765520000,104250.0,0.9966704814502577
1748765580000,104242.9,0.9966351015653736
1748765640000,104205.0,0.9964161443100081
1748765700000,104239.3,0.9964983366762346
1748765760000,104256.6,0.9965384837569168
1748765820000,104245.7,0.9959945425749513
1748765880000,104244.9,0.9955724693126573
1748765940000,104247.6,0.9971123994541105
1748766000000,104217.1,0.9969238578354508
1748766060000,104229.6,0.9969755197534187
1748766120000,104239.3,0.9969707357466943
1748766180000,104229.7,0.9969295936837081
1748766240000,104220.4,0.9966368394452105
1748766300000,104219.4,0.9964857675123588
1748766360000,104200.0,0.9965536336893309
1748766420000,104204.8,0.9969159546024754
1748766480000,104227.4,0.9965878108738361
1748766540000,104239.3,0.9964224128989061
1748766600000,104212.7,0.9965265885990596
1748766660000,104268.7,0.9965342361209324
1748766720000,104283.4,0.9965084253384621
1748766780000,104281.8,0.9967999764818247
1748766840000,104282.9,0.9966804183699023
1748766900000,104287.6,0.9965876635281089
1748766960000,104266.0,0.9966794450497604
1748767020000,104260.4,0.9967683747774577
1748767080000,104279.7,0.9967779388203398
1748767140000,104271.6,0.9969634848128625
1748767200000,104266.3,0.9969175594316042
1748767260000,104276.9,0.9967013473488292
1748767320000,104279.8,0.9965875505350024
1748767380000,104290.0,0.9968418618057441
1748767440000,104295.8,0.996306196342119
1748767500000,104294.5,0.996165735196193
1748767560000,104300.3,0.9961810191740486
1748767620000,104292.8,0.995782546766379
1748767680000,104266.3,0.9952846554929958
1748767740000,104261.2,0.9952951540950629
1748767800000,104260.3,0.9953400117584408
1748767860000,104279.8,0.9951338573905775
1748767920000,104281.8,0.9950804099618721
1748767980000,104275.8,0.9952646127072315
1748768040000,104250.0,0.995187304819283
1748768100000,104250.0,0.9951367206456869
1748768160000,104241.4,0.995237888992879
1748768220000,104238.2,0.9952655671256014
1748768280000,104255.1,0.9953629177993146
1748768340000,104359.9,0.9954182740647596
1748768400000,104395.1,0.995405866625953
1748768460000,104405.3,0.9954612228913978
1748768520000,104383.8,0.9953896415136675
1748768580000,104350.6,0.995136720645687
1748768640000,104374.5,0.9950880453088303
1748768700000,104374.5,0.9950794555435027
1748768760000,104238.2,0.9952655671256017
1748768820000,104238.2,0.9952846554929964
1748768880000,104204.8,0.9952273903908121
1748768940000,104126.0,0.9949811504514198
1748769000000,104116.6,0.9949811504514198
1748769060000,104142.8,0.9948990704716223
1748769120000,104129.9,0.9948685290837908
1748769180000,104153.5,0.9950298257882766
1748769240000,104167.0,0.9960300562397614
1748769300000,104154.8,0.9963660115059091
1748769360000,104134.1,0.9964633621796224
1748769420000,104057.2,0.9962581622301289
1748769480000,104049.2,0.995941295331376
1748769540000,104014.1,0.9961694013217433
1748769600000,104007.2,0.9961694013217433
1748769660000,103999.4,0.9948685290837909
1748769720000,104000.1,0.9948685290837909
1748769780000,103985.0,0.9945497533482986
1748769840000,104032.2,0.9937976716729454
1748769900000,104025.3,0.9937079563461901
1748769960000,104025.7,0.9939580139590615
1748770020000,104030.8,0.9938348939893653
1748770080000,104026.3,0.9940601367246236
1748770140000,103986.7,0.9936625126699338
1748770200000,103953.3,0.9931656814135988
1748770260000,103906.2,0.9930369508697469
1748770320000,103879.9,0.9931532549852595
1748770380000,103871.2,0.9933506368858361
1748770440000,103819.6,0.9940841974003701
1748770500000,103862.7,0.9941606233812654
1748770560000,103871.2,0.9944959939355867
1748770620000,103870.8,0.9945619659755137
1748770680000,103886.1,0.9946365529592475
1748770740000,103850.0,0.9946298582515176
1748770800000,103823.5,0.9947742707170786
1748770860000,103811.7,0.9943227311144643
1748770920000,103849.9,0.994388680184509
1748770980000,103821.0,0.9943848565428365
1748771040000,103842.1,0.9943361054864304
1748771100000,103834.3,0.9943791169068432
1748771160000,103733.0,0.9947576501530465
1748771220000,103841.6,0.9950771612589391
1748771280000,103949.9,0.9955280188487925
1748771340000,104000.0,0.9957799998364115
1748771400000,103978.1,0.9958633969709733
1748771460000,103955.0,0.9963581111100579
1748771520000,103983.4,0.9959444798247433
1748771580000,103791.3,0.9958629729114963
1748771640000,103749.2,0.9958668079031895
1748771700000,103749.2,0.9957201183411477
1748771760000,103753.0,0.9960661270590812
1748771820000,103761.2,0.9963202989643972
1748771880000,103789.3,0.9964335351732302
1748771940000,103858.2,0.996066873601908
1748772000000,103943.3,0.99634406532426
1748772060000,103959.7,0.9961415739229216
1748772120000,103974.8,0.9962163981442788
1748772180000,103942.8,0.9971882997329833
1748772240000,103909.9,0.9961443248228679
1748772300000,103829.9,0.9951054114165035
1748772360000,103834.2,0.9946258074812234
1748772420000,103840.8,0.9948352527233757
1748772480000,103837.6,0.9950562674787705
1748772540000,103853.9,0.9947844229499225
1748772600000,103880.0,0.9966221978990842
1748772660000,103890.0,0.9970264494551546
1748772720000,103905.7,0.9970264494551546
1748772780000,103905.7,0.9969899315783138
1748772840000,103928.7,0.9969111356163761
1748772900000,103928.8,0.9966411579859051
1748772960000,103928.6,0.9959795428118438
1748773020000,103913.8,0.9951634506872614
1748773080000,103953.8,0.9950064354626988
1748773140000,103969.5,0.9948619121793929
1748773200000,103946.5,0.9951680977281001
1748773260000,103964.8,0.9954830885732117
1748773320000,103953.7,0.9962495087803896
1748773380000,103946.2,0.9962082502133703
1748773440000,103946.2,0.9961449283555296
1748773500000,103973.1,0.9961756259596576
1748773560000,103946.2,0.996019250401063
1748773620000,103946.2,0.9957689362343781
1748773680000,103946.2,0.9956730786163348
1748773740000,103946.2,0.9955226111282776
1748773800000,103946.2,0.9955226111282776
1748773860000,103958.4,0.9953022476635595
1748773920000,103948.0,0.9953012899856054
1748773980000,103880.0,0.9953032053378273
1748774040000,103809.0,0.9954449419477596
1748774100000,103831.0,0.9950467639709805
1748774160000,103833.8,0.9945492405889951
1748774220000,103817.0,0.9949320768400375
1748774280000,103817.0,0.9950823400685714
1748774340000,103749.9,0.9948622092242221
1748774400000,103754.2,0.9950373568090739
1748774460000,103744.3,0.9949311197494096
1748774520000,103745.5,0.9948593379523393
1748774580000,103794.2,0.9948593379523393
1748774640000,103785.8,0.9951167953311653
1748774700000,103789.0,0.9948593379523392
1748774760000,103791.2,0.9948593379523392
1748774820000,103833.6,0.9948593379523392
1748774880000,103841.7,0.9948593379523392
1748774940000,103764.3,0.9948593379523392
1748775000000,103779.6,0.994976103008907
1748775060000,103775.3,0.994876565583636
1748775120000,103818.2,0.9942257439568641
1748775180000,103829.1,0.993546209611264
1748775240000,103800.5,0.9937567695493373
1748775300000,103823.6,0.9937835680869103
1748775360000,103833.7,0.9936227768614725
1748775420000,103844.0,0.9936227768614725
1748775480000,103853.9,0.9929805690503489
1748775540000,103887.8,0.9930217239473361
1748775600000,103875.1,0.9929269719752033
1748775660000,103864.5,0.9925298011864132
1748775720000,103866.0,0.99203353628582
1748775780000,103873.7,0.9920220615325706
1748775840000,103813.6,0.9915563885694383
1748775900000,103824.7,0.9916366346107777
1748775960000,104031.4,0.9916060597418577
1748776020000,103907.5,0.9915850408156572
1748776080000,103867.2,0.9911799659564149
1748776140000,103838.8,0.9911026445717741
1748776200000,103826.6,0.9918413780929881
1748776260000,103834.8,0.9916951315218184
1748776320000,103852.9,0.9917362213801871
1748776380000,103853.0,0.99132624440207
1748776440000,103844.0,0.9912221638452504
1748776500000,103847.5,0.9914951986099356
1748776560000,103877.7,0.9912745490072082
1748776620000,103910.9,0.9911781174353406
1748776680000,103938.4,0.9910797954588573
1748776740000,103950.7,0.99098531055867
1748776800000,103976.8,0.9906618330385389
1748776860000,103986.2,0.9907829387437285
1748776920000,103963.2,0.9908840438127072
1748776980000,103964.3,0.990869733571328
1748777040000,103965.3,0.990796276453999
1748777100000,103980.2,0.9913695385618749
1748777160000,103988.0,0.9912635389445028
1748777220000,104022.8,0.9892900762376534
1748777280000,104008.3,0.9904683074298304
1748777340000,104011.1,0.9908524555691796
1748777400000,103990.4,0.9911233804592137
1748777460000,104011.4,0.9912398273484457
1748777520000,104003.1,0.9911615413737124
1748777580000,103976.2,0.9909887666979884
1748777640000,103984.2,0.9909878124744986
1748777700000,104023.6,0.991073692423198
1748777760000,104047.3,0.9910402888763056
1748777820000,104026.4,0.990643872760755
1748777880000,104026.4,0.9901485508243747
1748777940000,103975.2,0.9904364969591867
1748778000000,104000.0,0.9907530470146753
1748778060000,104076.6,0.9910152496208784
1748778120000,104073.1,0.9911325256956528
1748778180000,104074.0,0.9913813798055402
1748778240000,104086.8,0.9914710054236605
1748778300000,104093.1,0.9912517086984725
1748778360000,104093.9,0.9912621968027205
1748778420000,104000.0,0.9912717314429461
1748778480000,104093.0,0.9914137975823071
1748778540000,104224.8,0.9914881677760664
1748778600000,104073.3,0.9918199732559161
1748778660000,104091.6,0.9916817209726454
1748778720000,104079.3,0.9917084179652769
1748778780000,104058.5,0.9915110509126075
1748778840000,104038.8,0.9917112783573444
1748778900000,104038.6,0.9916321408434723
1748778960000,104038.5,0.9913756590214045
1748779020000,104035.4,0.9914519361432089
1748779080000,104013.7,0.9918276009680964
1748779140000,104037.9,0.9920535719414424
1748779200000,104049.1,0.991854297960728
1748779260000,104047.6,0.991854297960728
1748779320000,104067.5,0.9913661243811791
1748779380000,104031.9,0.9916025834587731
1748779440000,104022.0,0.9923329369000514
1748779500000,104016.4,0.9922995656592619
1748779560000,104003.1,0.9923081468354648
1748779620000,103998.5,0.992430190230352
1748779680000,103996.5,0.9924902584637731
1748779740000,104036.5,0.9924978861759535
1748779800000,104049.9,0.991602583458773
1748779860000,104090.2,0.9924893049997505
1748779920000,104120.0,0.99374597058148
1748779980000,104144.0,0.9923014725873068
1748780040000,104123.2,0.9924759565034348
1748780100000,104135.3,0.9923586804286603
1748780160000,104126.2,0.9921603599119685
1748780220000,104100.0,0.9919725274995249
1748780280000,104050.0,0.9919706205714799
1748780340000,104073.2,0.9919696671074573
1748780400000,104083.3,0.9919401097227579
1748780460000,104053.9,0.9917332080298632
1748780520000,104047.2,0.9919639463233219
1748780580000,104003.2,0.9920707342938483
1748780640000,103976.5,0.99205643233351
1748780700000,103990.7,0.9922461716739988
1748780760000,104006.4,0.9919067384819685
1748780820000,104003.6,0.9918123455437355
1748780880000,103970.4,0.9917589515584723
1748780940000,104005.6,0.9916321408434724
1748781000000,104006.4,0.9915882814984348
1748781060000,104004.2,0.9915692122179837
1748781120000,103994.2,0.9919505978270063
1748781180000,103889.5,0.992078362006029
1748781240000,103841.4,0.9924626080071193
1748781300000,103772.3,0.9927467402858411
1748781360000,103785.8,0.9929755716512547
1748781420000,103772.4,0.9927772511345629
1748781480000,103783.8,0.9928926202812923
1748781540000,103830.0,0.9928058550552397
1748781600000,103853.3,0.9925560474813299
1748781660000,103903.7,0.9920793154700517
1748781720000,103924.7,0.9923005191232848
1748781780000,103867.3,0.992396818989563
1748781840000,103891.3,0.9921165005669313
1748781900000,103877.3,0.9920526184774201
1748781960000,103879.7,0.9916330943074952
1748782020000,103909.3,0.9913785194134727
1748782080000,103909.3,0.9915139113046757
1748782140000,103922.6,0.991663605156217
1748782200000,103909.3,0.9916369081635855
1748782260000,103913.1,0.9913203581080967
1748782320000,103918.1,0.9916559774440367
1748782380000,103909.5,0.9916636051562169
1748782440000,103909.4,0.9916426289477207
1748782500000,103913.9,0.9912459718961416
1748782560000,103908.6,0.9907503489101936
1748782620000,103914.6,0.9908456095197564
1748782680000,103898.5,0.9918431799161507
1748782740000,103914.6,0.9923023953032106
1748782800000,103914.6,0.9929627108952138
1748782860000,103911.8,0.9928335338740137
1748782920000,103918.5,0.9929617206717637
1748782980000,103900.0,0.9928526380677605
1748783040000,103900.0,0.9924106635796541
1748783100000,103900.0,0.9921879613889442
1748783160000,103984.7,0.9917064526332859
1748783220000,103984.9,0.9915060186207791
1748783280000,104015.5,0.9920536501796754
1748783340000,104032.2,0.991824422235902
1748783400000,104086.6,0.991958076756649
1748783460000,104105.1,0.9919351583771359
1748783520000,104110.0,0.9916525114240933
1748783580000,104182.5,0.9916525114240933
1748783640000,104197.7,0.9915255836283912
1748783700000,104165.0,0.9916524789356895
1748783760000,104277.0,0.9916162138523914
1748783820000,104292.9,0.9915685001274687
1748783880000,104250.1,0.9916505598370006
1748783940000,104308.8,0.9916515141776141
1748784000000,104272.5,0.9916085687673452
1748784060000,104265.0,0.9916591445364622
1748784120000,104239.4,0.9916018831079836
1748784180000,104258.4,0.9917555168641454
1748784240000,104213.1,0.99160183549414
1748784300000,104187.7,0.99160183549414
1748784360000,104182.1,0.9916285544069723
1748784420000,104171.5,0.9915646164200013
1748784480000,104136.5,0.9917411388428978
1748784540000,104130.6,0.9917411388428978
1748784600000,104093.6,0.9917411388428978
1748784660000,104175.3,0.9909326645940049
1748784720000,104175.7,0.990930758673875
1748784780000,104175.7,0.9906391540157427
1748784840000,104205.9,0.9904801039330908
1748784900000,104206.0,0.9899621670091965
1748784960000,104211.3,0.9897862144841869
1748785020000,104184.0,0.9893902999983932
1748785080000,104200.0,0.9888956048483941
1748785140000,104191.9,0.9889421500076971
1748785200000,104199.9,0.9896308283851398
1748785260000,104250.0,0.9897752133691001
1748785320000,104291.1,0.9894645956733432
1748785380000,104292.4,0.9905284850288409
1748785440000,104274.9,0.9906795193212731
1748785500000,104343.2,0.9902729616032795
1748785560000,104297.2,0.9908305536137055
1748785620000,104328.0,0.990485739474379
1748785680000,104350.0,0.990414496883609
1748785740000,104300.8,0.9901713221737809
1748785800000,104291.4,0.9903518034037313
1748785860000,104307.2,0.989921498155481
1748785920000,104300.0,0.9896802232480735
1748785980000,104259.2,0.9896270287802986
1748786040000,104261.2,0.9895263392520104
1748786100000,104251.3,0.9891938738284174
1748786160000,104249.8,0.9891378296570118
1748786220000,104236.9,0.9887863662092135
1748786280000,104207.1,0.9895624354980005
1748786340000,104219.3,0.9895662351028416
1748786400000,104255.6,0.9895662351028416
1748786460000,104284.7,0.9898531052683417
1748786520000,104326.1,0.9898540551695519
1748786580000,104358.8,0.989904399933696
1748786640000,103960.0,0.9896450769032934
1748786700000,104356.9,0.989797061096936
1748786760000,104486.7,0.9897201190989043
1748786820000,104482.1,0.9897961111957256
1748786880000,104478.9,0.9902720117020689
1748786940000,104495.7,0.9906624210994882
1748787000000,104525.1,0.9906747698152215
1748787060000,104606.7,0.990508537103425
1748787120000,104602.6,0.9911573196300366
1748787180000,104481.7,0.9907203650733144
1748787240000,104444.6,0.9910129346460762
1748787300000,104549.4,0.9912219129123346
1748787360000,104543.1,0.9907545615168839
1748787420000,104596.8,0.9906652708031188
1748787480000,104582.0,0.9908153551943408
1748787540000,104586.3,0.9907469623072017
1748787600000,104585.6,0.9903594026134133
1748787660000,104589.7,0.9903784006376185
1748787720000,104621.3,0.9902843604178022
1748787780000,104621.0,0.9902701118996482
1748787840000,104609.2,0.9901475746435239
1748787900000,104618.0,0.9898645040828647
1748787960000,104616.6,0.9899803920305171
1748788020000,104620.7,0.9903252061698438
1748788080000,104610.4,0.9906016274220311
1748788140000,104644.5,0.9909948865230812
1748788200000,104614.4,0.991305504218838
1748788260000,104599.1,0.9875172981922982
1748788320000,104643.4,0.9912874560958429
1748788380000,104648.9,0.992520427866768
1748788440000,104643.4,0.9924767324110958
1748788500000,104606.6,0.9924463355723672
1748788560000,104621.4,0.9926059189756918
1748788620000,104641.5,0.9928851899315101
1748788680000,104686.3,0.9936603093190869
1748788740000,104656.7,0.993621363369466
1748788800000,104618.0,0.9924729328062547
1748788860000,104545.0,0.9921205194572461
1748788920000,104572.0,0.9931160159256045
1748788980000,104610.2,0.9930561721493578
1748789040000,104630.7,0.9935662690992705
1748789100000,104640.0,0.9934256837201512
1748789160000,104680.0,0.9934665294721926
1748789220000,104603.3,0.9934598801637208
1748789280000,104576.0,0.9934988261133415
1748789340000,104597.3,0.9937989948957855
1748789400000,104539.9,0.9937961451921548
1748789460000,104539.1,0.9936840568493434
1748789520000,104556.0,0.9937676481558467
1748789580000,104605.2,0.9937543495389031
1748789640000,104592.6,0.9937932954885239
1748789700000,104573.8,0.9936954556638665
1748789760000,104593.9,0.9940193719765672
1748789820000,104650.0,0.9937334517122771
1748789880000,104680.0,0.9935881168271066
1748789940000,104681.2,0.9940089230632542
1748790000000,104578.1,0.9940611676298188
1748790060000,104550.0,0.9940089230632542
1748790120000,104553.6,0.9936593594178764
1748790180000,104583.5,0.9937999447969956
1748790240000,104585.5,0.9939908749402591
1748790300000,104530.2,0.9944164306824581
1748790360000,104516.8,0.9941352599242195
1748790420000,104492.6,0.9937676481558466
1748790480000,104570.0,0.9930742202723526
1748790540000,104523.8,0.9933306935991243
1748790600000,104526.8,0.9936935558614458
1748790660000,104526.9,0.9938882856095502
1748790720000,104498.0,0.9939766264221049
1748790780000,104475.1,0.9943565869062112
1748790840000,104493.6,0.9936280126779374
1748790900000,104493.5,0.9933686896475348
1748790960000,104486.3,0.9935710186053215
1748791020000,104548.5,0.9930257753106289
1748791080000,104647.3,0.9930181761009469
1748791140000,104647.3,0.9931787094054817
1748791200000,104667.6,0.9936460608009325
1748791260000,104659.1,0.9935263732484392
1748791320000,104654.8,0.9933477918209092
1748791380000,104660.1,0.9935387219641726
1748791440000,104650.4,0.9940716165431317
1748791500000,104650.4,0.9943565869062115
1748791560000,104650.3,0.9943679857207348
1748791620000,104661.5,0.9933886375729509
1748791680000,104737.1,0.9931217153328662
1748791740000,104723.3,0.9931559117764358
1748791800000,104741.2,0.9934399322383052
1748791860000,104729.6,0.9934589302625105
1748791920000,104730.6,0.9929336348932336
1748791980000,104722.2,0.9925364614392763
1748792040000,104694.0,0.9920401932085567
1748792100000,104650.0,0.9921673654381038
1748792160000,104744.0,0.9923970935798341
1748792220000,104644.0,0.9916620029127143
1748792280000,104637.6,0.9921001284222732
1748792340000,104628.1,0.9920716535640565
1748792400000,104655.6,0.9920707044565995
1748792460000,104677.9,0.9923449959869022
1748792520000,104685.2,0.9925624613968439
1748792580000,104681.2,0.9923867027181171
1748792640000,104694.1,0.9923876524286284
1748792700000,104713.3,0.9924560317163114
1748792760000,104695.3,0.991865229236247
1748792820000,104687.7,0.9909279007748291
1748792880000,104632.9,0.9909279007748291
1748792940000,104654.2,0.9907356756874571
1748793000000,104640.0,0.9908161328035401
1748793060000,104692.7,0.9908568412500207
1748793120000,104686.1,0.9908066615997932
1748793180000,104677.2,0.9908984905261703
1748793240000,104637.1,0.9908984905261703
1748793300000,104637.1,0.9908994373916294
1748793360000,104645.6,0.9907933882575247
1748793420000,104658.4,0.9900777098069744
1748793480000,104658.4,0.9896816787230517
1748793540000,104697.4,0.9891868378836902
1748793600000,104712.8,0.989056504139842
1748793660000,104655.3,0.9892255602278768
1748793720000,104650.8,0.9891160043272509
1748793780000,104634.7,0.9891254488014427
1748793840000,104630.8,0.9890461152182307
1748793900000,104805.1,0.9887797810460194
1748793960000,104822.2,0.9883642241815761
1748794020000,104774.1,0.9892520047556141
1748794080000,104939.3,0.988307557336425
1748794140000,105160.9,0.9882471127015969
1748794200000,105227.6,0.988157390196774
1748794260000,105250.0,0.9884171132370511
1748794320000,105066.2,0.9886277250115302
1748794380000,105095.2,0.988696669673131
1748794440000,105083.1,0.9886588917763633
1748794500000,105075.2,0.9887807254934389
1748794560000,105040.9,0.9889620593979233
1748794620000,104943.3,0.9887920588624691
1748794680000,104975.6,0.9887202808586107
1748794740000,105015.7,0.9882027236728951
1748794800000,105014.2,0.9884038909731825
1748794860000,105036.3,0.9882697794396577
1748794920000,105006.8,0.9887675032295704
1748794980000,104995.2,0.988705169699904
1748795040000,105087.9,0.988621113879596
1748795100000,105187.5,0.9882423904645011
1748795160000,105196.4,0.9882423904645011
1748795220000,105192.9,0.9883226684951322
1748795280000,105193.7,0.9884435577647883
1748795340000,105193.7,0.9884435577647883
1748795400000,105086.5,0.988811892258272
1748795460000,105112.8,0.9889573371608272
1748795520000,105033.0,0.9884142798947934
1748795580000,105063.0,0.9883717797609298
1748795640000,105053.1,0.9882197237264403
1748795700000,105017.9,0.9881828902770919
1748795760000,105106.5,0.9898290621287389
1748795820000,105170.9,0.9899905626374202
1748795880000,105172.2,0.9895362834287903
1748795940000,105147.6,0.991096510565291
1748796000000,105139.5,0.9931894060462144
1748796060000,105135.3,0.9938193524748137
1748796120000,105151.2,0.994030908696712
1748796180000,105171.6,0.992295014340242
1748796240000,105165.9,0.9925689040918069
1748796300000,105165.0,0.992454625954085
1748796360000,105110.9,0.9923800146079689
1748796420000,105145.0,0.9920560691431869
1748796480000,105116.8,0.9911342884620582
1748796540000,105128.6,0.9914393449784563
1748796600000,105156.6,0.9918180683935511
1748796660000,105141.1,0.9918039016822633
1748796720000,105145.1,0.9920126245619041
1748796780000,105142.6,0.9917340125732433
1748796840000,105141.4,0.9916244566726173
1748796900000,105132.3,0.9924999594302059
1748796960000,105122.5,0.9934406290597184
1748797020000,105112.8,0.9935246848800261
1748797080000,104998.2,0.9934916292203545
1748797140000,104989.4,0.9934991847997081
1748797200000,104993.8,0.9934991847997081
1748797260000,104971.6,0.9924867371663373
1748797320000,104976.2,0.992735126837584
1748797380000,104971.5,0.991981457797071
1748797440000,105015.8,0.9922647920228279
1748797500000,105028.6,0.9921712917283282
1748797560000,104993.3,0.9918388462367734
1748797620000,104967.1,0.9926756266501753
1748797680000,105031.5,0.9932838507881332
1748797740000,105107.3,0.9932961286045826
1748797800000,105120.1,0.9930637945394621
1748797860000,105120.7,0.9929872942985077
1748797920000,105087.2,0.9929476275069019
1748797980000,105064.5,0.9930977946465529
1748798040000,105067.2,0.9932904619200676
1748798100000,105054.5,0.9932366284171738
1748798160000,105043.3,0.9932281283904011
1748798220000,105029.1,0.9927171823366197
1748798280000,105085.2,0.9930392389065633
1748798340000,105088.5,0.992772904734352
1748798400000,105073.4,0.9928843495298163
1748798460000,105036.1,0.9931487948071893
1748798520000,105030.0,0.993002405457215
1748798580000,105031.1,0.9930401833539825
1748798640000,105010.1,0.9930165721685027
1748798700000,105050.3,0.9930052387994723
1748798760000,105049.1,0.9929192940843262
1748798820000,105042.9,0.9928267382372457
1748798880000,105039.9,0.9927351268375844
1748798940000,105036.7,0.9916527900951934
1748799000000,105048.5,0.9915696787223047
1748799060000,105049.5,0.9916112344087492
1748799120000,105050.9,0.9914015670816893
1748799180000,105077.0,0.9914450116629719
1748799240000,105118.7,0.9914006226342701
1748799300000,105112.8,0.9918190128409711
1748799360000,105062.6,0.9914222852358348
1748799420000,105070.2,0.9909265740932169
1748799480000,105089.7,0.9908057935997255
1748799540000,105064.9,0.9911388023660431
1748799600000,105065.6,0.9913861308776909
1748799660000,105036.7,0.9907778901353201
1748799720000,105036.7,0.9900628573682716
1748799780000,105036.9,0.9899422872025999
1748799840000,105004.3,0.9899366368524547
1748799900000,105003.9,0.9902521111342523
1748799960000,104999.9,0.9904660165663387
1748800020000,104979.4,0.9904405630759141
1748800080000,105039.2,0.9905602825997146
1748800140000,105075.0,0.9906658875491943
1748800200000,105072.3,0.9907998080905633
1748800260000,105026.8,0.9902705845779
1748800320000,105019.1,0.9902394870215446
1748800380000,105002.3,0.990381772963908
1748800440000,105009.9,0.9907333485304314
1748800500000,105011.0,0.9907908856383976
1748800560000,105011.0,0.990780508889143
1748800620000,105014.0,0.9909786063163496
1748800680000,105015.3,0.9905992395699709
1748800740000,105018.5,0.9906105552833718
1748800800000,105013.8,0.9906690211383176
1748800860000,104972.0,0.9906973144076714
1748800920000,104940.3,0.9907274956188692
1748800980000,104825.3,0.9906161956213607
1748801040000,104923.9,0.9906067655372032
1748801100000,104916.4,0.9905935636707331
1748801160000,104882.0,0.9903474497201452
1748801220000,104906.8,0.989954428519946
1748801280000,104906.8,0.9900099917178189
1748801340000,104891.3,0.990482802846285
1748801400000,104932.6,0.9904111534743714
1748801460000,104930.5,0.9902273428649622
1748801520000,104904.1,0.9904610255008728
1748801580000,104941.2,0.9904544265061764
1748801640000,104946.0,0.9907268670854529
1748801700000,104946.0,0.9907268670854529
1748801760000,104938.0,0.990724980646014
1748801820000,104955.6,0.991032469103585
1748801880000,104938.4,0.9910362443107684
1748801940000,104969.3,0.9910739966702258
1748802000000,104947.8,0.9912674922538572
1748802060000,104877.9,0.990702831034258
1748802120000,104830.0,0.9903651746036015
1748802180000,104800.0,0.9903906229592658
1748802240000,104800.1,0.9908194969188598
1748802300000,104800.1,0.9908921384744082
1748802360000,104772.5,0.9910506523821295
1748802420000,104701.1,0.9909789207633164
1748802480000,104671.4,0.9909685400581367
1748802540000,104668.4,0.9909685400581367
1748802600000,104696.8,0.9909402296371315
1748802660000,104647.0,0.9909279624889556
1748802720000,104640.1,0.9908977671795106
1748802780000,104628.4,0.990942113837535
1748802840000,104559.7,0.9913365513339251
1748802900000,104520.0,0.9916359203911715
1748802960000,104516.4,0.9927226156916898
1748803020000,104500.8,0.9917888482719239
1748803080000,104416.3,0.9918597417133803
1748803140000,104381.2,0.9921849527872919
1748803200000,104338.0,0.9919503444957917
1748803260000,104378.7,0.9919503444957917
1748803320000,104431.0,0.9920969053511385
1748803380000,104333.4,0.9917062761741618
1748803440000,104349.9,0.9917261230394828
1748803500000,104420.5,0.9919756364759789
1748803560000,104441.6,0.9916248180035526
1748803620000,104466.7,0.9915794611834817
1748803680000,104491.2,0.9915794611834817
1748803740000,104503.7,0.9916550489685282
1748803800000,104509.6,0.9914887304865497
1748803860000,104516.7,0.991651214490875
1748803920000,104504.4,0.9913592143981751
1748803980000,104510.1,0.9915622663677468
1748804040000,104565.7,0.9922226918594591
1748804100000,104864.1,0.9926758613731512
1748804160000,104865.8,0.9929599429894937
1748804220000,104908.6,0.9929589955086321
1748804280000,104857.5,0.9929589955086321
1748804340000,104870.4,0.993220499727388
1748804400000,104830.8,0.9938973561895372
1748804460000,104893.8,0.9941792897268052
1748804520000,105006.9,0.9942077840229471
1748804580000,104831.9,0.9939380225565803
1748804640000,104861.7,0.9944107983579736
1748804700000,104904.1,0.9944763657847384
1748804760000,104866.3,0.994587559996897
1748804820000,104912.3,0.9952406156239711
1748804880000,104914.9,0.995618495939621
1748804940000,104847.5,0.9956527881955087
1748805000000,104834.4,0.995801398207869
1748805060000,104811.8,0.9966066094421232
1748805120000,104815.8,0.9969416231515864
1748805180000,104922.1,0.9973542250197404
1748805240000,104900.1,0.9969651786803597
1748805300000,104809.9,0.996465639225998
1748805360000,104815.8,0.9973969244419633
1748805420000,104819.8,0.9972391892463951
1748805480000,104806.8,0.9965644872413063
1748805540000,104839.2,0.9963631138454616
1748805600000,104845.8,0.9961236621886743
1748805660000,104887.9,0.9958900467904315
1748805720000,104899.0,0.9957709111542737
1748805780000,104984.1,0.9957146925861674
1748805840000,104984.2,0.9956470473715905
1748805900000,105008.8,0.9957642196386316
1748805960000,104984.3,0.9957099075134775
1748806020000,104986.6,0.9951801838709038
1748806080000,104974.2,0.9923402299771595
1748806140000,104975.4,0.9923241426947536
1748806200000,105006.5,0.9919191348341608
1748806260000,105018.2,0.9924022893876486
1748806320000,105035.5,0.992280199985049
1748806380000,105045.8,0.9926548938540471
1748806440000,105083.5,0.9920583396131865
1748806500000,105045.8,0.9909886691635484
1748806560000,104977.6,0.9926402084157653
1748806620000,104989.2,0.9923580359261815
1748806680000,104982.0,0.9919567837938656
1748806740000,104999.7,0.9915600010803481
1748806800000,104997.5,0.9910642210798081
1748806860000,105003.7,0.9907071118004107
1748806920000,105006.2,0.9911416892303649
1748806980000,105002.6,0.9911662523024927
1748807040000,105020.0,0.9905295018942553
1748807100000,105020.1,0.9904057418000726
1748807160000,105026.9,0.9901922320192691
1748807220000,105081.8,0.9902300213610042
1748807280000,105108.1,0.9912342731176162
1748807340000,105096.8,0.9910264317380729
1748807400000,105096.7,0.990174282081945
1748807460000,105096.8,0.9902300213610046
1748807520000,105081.9,0.9902678107027398
1748807580000,105101.8,0.9901449953421005
1748807640000,105057.0,0.9904510890101552
1748807700000,105057.7,0.9905134414240182
1748807760000,105106.8,0.9909111742457808
1748807820000,105091.1,0.991016039669096
1748807880000,105067.3,0.9918200079145115
1748807940000,105076.8,0.9918209526480548
1748808000000,105077.1,0.992053357099726
1748808060000,105043.7,0.9918218973815981
1748808120000,105062.3,0.9918436262530957
1748808180000,105020.5,0.9917264792937166
1748808240000,105026.1,0.991737816096237
1748808300000,105020.1,0.992031628228228
1748808360000,105020.1,0.9921421620528034
1748808420000,105024.5,0.992305600955808
1748808480000,105020.1,0.992402908510776
1748808540000,105020.1,0.9927590730566297
1748808600000,105046.1,0.9924029085107758
1748808660000,105043.3,0.9917586002341914
1748808720000,105013.6,0.9918681893252234
1748808780000,105013.6,0.9918001685101001
1748808840000,105046.9,0.9919673863472781
1748808900000,105013.6,0.9919466022093238
1748808960000,105031.1,0.9920051756890134
1748809020000,104999.6,0.9920287940275978
1748809080000,104998.3,0.9919947836200363
1748809140000,105040.6,0.9921591672565842
1748809200000,105050.0,0.9921601119901277
1748809260000,105050.0,0.9922243538710773
1748809320000,105056.1,0.9927430125863925
1748809380000,105069.2,0.9929914775083011
1748809440000,105096.0,0.9928847226178993
1748809500000,105105.2,0.9928837778843559
1748809560000,105105.5,0.9928847226178993
1748809620000,105104.3,0.9927439573199358
1748809680000,105105.5,0.9929319592950683
1748809740000,105105.5,0.9925087186676346
1748809800000,105114.7,0.9925153318024381
1748809860000,105111.2,0.9929791959722373
1748809920000,105112.7,0.9928308728059269
1748809980000,105111.6,0.9926060262226026
1748810040000,105110.4,0.9926957759092236
1748810100000,105120.6,0.9926986101098538
1748810160000,105120.6,0.9923830691063652
1748810220000,105120.6,0.9925587895454336
1748810280000,105125.4,0.9921638909243011
1748810340000,105128.1,0.9922167960027305
1748810400000,105185.5,0.9921601119901278
1748810460000,105185.5,0.9921601119901278
1748810520000,105185.5,0.9922016802660364
1748810580000,105242.3,0.9921601119901278
1748810640000,105225.3,0.9921601119901278
1748810700000,105225.3,0.9924057427114062
1748810760000,105225.3,0.9923792901721916
1748810820000,105225.2,0.9920987043098081
1748810880000,105225.3,0.9920987043098081
1748810940000,105150.1,0.9924133005797531
1748811000000,105046.3,0.992098704309808
1748811060000,104986.9,0.9922640326798992
1748811120000,104987.0,0.9919664416137348
1748811180000,105000.0,0.9919541600776709
1748811240000,104987.0,0.9923537823665202
1748811300000,105029.5,0.9919568408535736
1748811360000,105029.5,0.9914608624331469
1748811420000,105000.1,0.991372137386766
1748811480000,105000.1,0.991372137386766
1748811540000,105021.5,0.9913145707990642
1748811600000,105021.6,0.9911909585492523
1748811660000,105022.1,0.9909381354794172
1748811720000,105000.1,0.9908513897341328
1748811780000,104942.4,0.9904550491782391
1748811840000,104900.2,0.98995982165365
1748811900000,104897.0,0.9899626472792757
1748811960000,104899.6,0.9899513447767737
1748812020000,104914.9,0.9899626472792759
1748812080000,104917.9,0.9899626472792759
1748812140000,104955.9,0.9900492997984587
1748812200000,104950.1,0.9900163341661609
1748812260000,104962.7,0.9900304622942886
1748812320000,105017.6,0.9900201016669951
1748812380000,105007.5,0.9900087991644928
1748812440000,105015.2,0.9901048704357608
1748812500000,105030.0,0.9901048704357608
1748812560000,105030.2,0.9901048704357608
1748812620000,105038.6,0.9901500804457692
1748812680000,105057.8,0.990175511076399
1748812740000,105053.0,0.990716147446083
1748812800000,105056.2,0.990716147446083
1748812860000,105075.5,0.990716147446083
1748812920000,105085.8,0.9912511325645161
1748812980000,105081.4,0.9910910137790696
1748813040000,105102.8,0.9910910137790696
1748813100000,105091.2,0.9910910137790696
1748813160000,105097.5,0.991090071903861
1748813220000,105098.1,0.9910910137790696
1748813280000,105106.5,0.990382723622271
1748813340000,105101.2,0.9894050571558387
1748813400000,105100.8,0.9888455832819844
1748813460000,105111.1,0.988846525157193
1748813520000,105160.2,0.9889689689342992
1748813580000,105420.8,0.9888465251571931
1748813640000,105252.4,0.9892468221208093
1748813700000,105236.6,0.9892468221208093
1748813760000,105269.7,0.9889699108095077
1748813820000,105277.3,0.9889699108095077
1748813880000,105288.9,0.9891714721041286
1748813940000,105357.4,0.9891724139793371
1748814000000,105315.2,0.9891771233553796
1748814060000,105311.2,0.9889699108095077
1748814120000,105346.1,0.988574322845184
1748814180000,105313.2,0.9880800356837615
1748814240000,105324.7,0.988623008671968
1748814300000,105345.1,0.9890205590516615
1748814360000,105312.0,0.9890507293067131
1748814420000,105339.1,0.9890262144788706
1748814480000,105331.3,0.9888819612969565
1748814540000,105360.9,0.9888536846090514
1748814600000,105361.8,0.9884955337118724
1748814660000,105361.0,0.9885501592650383
1748814720000,105396.6,0.9884314768435187
1748814780000,105375.6,0.9879144847303326
1748814840000,105422.5,0.988009496769227
1748814900000,105403.6,0.9879370479143821
1748814960000,105428.0,0.9877978159907259
1748815020000,105404.1,0.9877959350084999
1748815080000,105435.2,0.987716934055878
1748815140000,105434.0,0.9875363893310447
1748815200000,105484.7,0.9875815090143885
1748815260000,105484.7,0.9875514264767279
1748815320000,105539.4,0.9873700022244609
1748815380000,105562.9,0.9872732155232516
1748815440000,105615.1,0.9873145531935013
1748815500000,105531.9,0.9871134849603186
1748815560000,105500.0,0.987222430834506
1748815620000,105539.5,0.9871632488923999
1748815680000,105532.0,0.9871576131926988
1748815740000,105661.4,0.9870787142977538
1748815800000,105657.2,0.9871284877864132
1748815860000,105670.8,0.9871322446549846
1748815920000,105665.4,0.9867373917571227
1748815980000,105657.3,0.9862440230612443
1748816040000,105675.4,0.9863406761165735
1748816100000,105607.9,0.9868014202929479
1748816160000,105549.7,0.9892468364306914
1748816220000,105632.4,0.9876666058950198
1748816280000,105651.2,0.9875183419849034
1748816340000,105622.4,0.9878289454928054
1748816400000,105579.7,0.9879002623103299
1748816460000,105573.1,0.9880091142949723
1748816520000,105487.1,0.9886519040318696
1748816580000,105605.8,0.9882559080187738
1748816640000,105565.0,0.9882183728516558
1748816700000,105588.7,0.9885458671847612
1748816760000,105602.8,0.9882371404352148
1748816820000,105462.3,0.9883450540406794
1748816880000,105460.3,0.9885364833929817
1748816940000,105417.1,0.9882258798850795
1748817000000,105432.9,0.9884801806423045
1748817060000,105423.8,0.9884069870664243
1748817120000,105420.9,0.9886847473030982
1748817180000,105400.7,0.9886931927156998
1748817240000,105417.0,0.9886856856822761
1748817300000,105491.3,0.989019748669627
1748817360000,105477.7,0.9888226890422571
1748817420000,105418.5,0.9892627888767167
1748817480000,105412.1,0.9890854352120837
1748817540000,105401.5,0.989314399731504
1748817600000,105439.5,0.9890901271079735
1748817660000,105404.0,0.9893819630323165
1748817720000,105394.8,0.9893707024821812
1748817780000,105452.0,0.9898464607254029
1748817840000,105438.4,0.9898464607254029
1748817900000,105451.7,0.9903597541357427
1748817960000,105475.3,0.9905802732425614
1748818020000,105448.5,0.9910701071734526
1748818080000,105424.1,0.9902893756973962
1748818140000,105388.5,0.9899900327396295
1748818200000,105408.6,0.9903606925149206
1748818260000,105464.9,0.9902903140765742
1748818320000,105455.0,0.9915045767328443
1748818380000,105479.8,0.9914651648073703
1748818440000,105481.3,0.9915927843755719
1748818500000,105457.8,0.9915421118999623
1748818560000,105450.3,0.9914661031865484
1748818620000,105435.1,0.9916359498177577
1748818680000,105458.9,0.99100254387264
1748818740000,105445.9,0.9904564071910718
1748818800000,105463.5,0.9912324467712382
1748818860000,105465.7,0.9914088620566932
1748818920000,105506.3,0.991138608853443
1748818980000,105522.8,0.9907379209444573
1748819040000,105587.7,0.9906759879187126
1748819100000,105608.9,0.9898689818256736
1748819160000,105645.8,0.9909828379099029
1748819220000,105668.5,0.9905999792052984
1748819280000,105733.9,0.9908223750704731
1748819340000,105727.9,0.9909546865345644
1748819400000,105727.9,0.9896362637895415
1748819460000,105728.0,0.9896174962059825
1748819520000,105727.9,0.9892121164011071
1748819580000,105729.5,0.9893603803112233
1748819640000,105733.9,0.9892749878060297
1748819700000,105739.2,0.989247774809869
1748819760000,105729.3,0.9890582222159228
1748819820000,105729.3,0.9892111780219291
1748819880000,105729.4,0.9899083937511477
1748819940000,105740.1,0.9897807741829461
1748820000000,105764.9,0.9892252537095984
1748820060000,105764.9,0.9891651974422094
1748820120000,105764.9,0.9890657292493464
1748820180000,105759.5,0.9886701029576468
1748820240000,105755.0,0.988175767906168
1748820300000,105755.0,0.9878195046729081
1748820360000,105754.9,0.9881520896378966
1748820420000,105755.0,0.9882383387292467
1748820480000,105755.0,0.9877020007602453
1748820540000,105755.0,0.9878293833344056
1748820600000,105753.7,0.9877047785338933
1748820660000,105728.0,0.9874837310517436
1748820720000,105728.3,0.987734638742854
1748820780000,105638.3,0.9879631932048457
1748820840000,105685.1,0.9882968122699181
1748820900000,105704.6,0.9881083214390718
1748820960000,105726.4,0.9875805609100732
1748821020000,105714.7,0.9876732651894401
1748821080000,105686.2,0.987440992684801
1748821140000,105679.2,0.9874269505507713
1748821200000,105659.8,0.987646937727057
1748821260000,105640.1,0.9877171776906534
1748821320000,105646.1,0.9878595509328433
1748821380000,105591.4,0.9876365601327001
1748821440000,105590.5,0.9877583068537614
1748821500000,105639.4,0.9875934398821614
1748821560000,105665.6,0.9875728383890595
1748821620000,105651.1,0.9871926630596529
1748821680000,105652.6,0.9870382772178551
1748821740000,105651.2,0.9864312161448792
1748821800000,105603.9,0.9862331595361807
1748821860000,105565.9,0.9858885673324281
1748821920000,105554.1,0.9856767305109129
1748821980000,105548.9,0.9850666787151987
1748822040000,105583.2,0.9846726520437127
1748822100000,105569.2,0.9841803157176909
1748822160000,105576.0,0.9841244671970716
1748822220000,105597.3,0.9841244671970716
1748822280000,105555.5,0.9841253980057487
1748822340000,105576.8,0.9841244671970717
1748822400000,105573.1,0.9841393601359035
